name,stem_percent,total_cost,rank,diversity_percent,mid_career_pay,makes_six_figures
Adams State University,3.0,72888,16.0,0.3845909955611921,81400.0,False
Alabama State University,16.0,65960,20.0,0.9249864105816272,71500.0,False
Albany College of Pharmacy and Health Sciences,2.0,184100,1.0,0.2380038387715931,144800.0,True
Albertus Magnus College,2.0,181040,18.0,0.4948387096774193,85900.0,False
Albion College,23.0,232620,7.0,0.1206624605678233,99300.0,False
Alcorn State University,19.0,67008,10.0,0.9560318768892552,69500.0,False
Alma College,15.0,205024,15.0,0.1174785100286533,89900.0,False
Amherst College,32.0,284664,10.0,0.4347098214285714,116500.0,True
Andrews University,7.0,153464,21.0,0.4590403744880046,85000.0,False
Appalachian State University,9.0,62072,15.0,0.1136691445689559,82700.0,False
Arkansas Tech University,7.0,67752,13.0,0.1865522412931178,76900.0,False
Asbury University,4.0,149432,20.0,0.1351782863225119,70800.0,False
Athens State University,9.0,27240,15.0,0.1857416879795396,78800.0,False
Auburn University,31.0,98432,1.0,0.1261577647422044,104500.0,True
Auburn University at Montgomery,12.0,69072,13.0,0.3838244018192604,79600.0,False
Augusta University,10.0,81592,13.0,0.3705558337506259,84400.0,False
Austin Peay State University,10.0,76444,20.0,0.3171793096627435,78200.0,False
Avila University,3.0,108400,17.0,0.3025694808599895,81200.0,False
Baker University,2.0,152960,10.0,0.1944538383496787,84200.0,False
Ball State University,7.0,80520,22.0,0.1329460179133381,83700.0,False
Barnard College,19.0,289028,19.0,0.3715507190050525,109800.0,True
Barry University,12.0,163800,24.0,0.5201925334585583,84400.0,False
Bates College,23.0,276072,3.0,0.2047377326565143,111900.0,True
Baylor University,16.0,233288,12.0,0.3064625222898604,101400.0,True
Belhaven University,2.0,135200,7.0,0.6096256684491979,74300.0,False
Bellarmine University,11.0,217800,3.0,0.1310612357993904,90700.0,False
Bellevue College,14.0,8516,18.0,0.3775335956641176,88500.0,False
Bellevue University,23.0,72480,10.0,0.2376758781253163,84800.0,False
Belmont Abbey College,7.0,115420,14.0,0.2807692307692307,82900.0,False
Belmont University,3.0,185720,17.0,0.1420485919381557,80900.0,False
Beloit College,24.0,235480,17.0,0.1772831926323868,85700.0,False
Benedict College,19.0,91200,24.0,0.995090016366612,67500.0,False
Benedictine College,13.0,159320,3.0,0.1487371375116931,91800.0,False
Bentley University,7.0,264800,9.0,0.1820305480682839,116600.0,True
Berea College,27.0,187016,19.0,0.2813078346699568,71600.0,False
Berry College,21.0,197304,12.0,0.1469912723932016,84900.0,False
Black Hills State University,11.0,62844,10.0,0.1194029850746268,72600.0,False
Bloomfield College,17.0,166000,23.0,0.8058882235528942,89100.0,False
Bluefield State College,3.0,35280,15.0,0.1260396673064619,72800.0,False
Boise State University,14.0,73544,4.0,0.1728528366401223,86400.0,False
Boston College,13.0,279768,11.0,0.2338478731577844,115400.0,True
Boston University,25.0,278672,13.0,0.2486920777279521,113600.0,True
Bowdoin College,37.0,274480,2.0,0.3047091412742382,112000.0,True
Bowie State University,11.0,76548,18.0,0.9064091308165058,89900.0,False
Bradley University,38.0,177520,6.0,0.1424528301886792,104900.0,True
Brandeis University,29.0,283340,14.0,0.2198486122792262,113200.0,True
Brescia University,7.0,126400,10.0,0.1988636363636363,81200.0,False
Brown University,43.0,281304,1.0,0.3221871255854482,127600.0,True
Bryant University,8.0,238700,2.0,0.1626227614095898,108600.0,True
Bucknell University,40.0,279016,5.0,0.152317880794702,122900.0,True
Butler University,9.0,219800,7.0,0.1126237623762376,99300.0,False
California Institute of Technology,97.0,271548,3.0,0.3861475780896333,151600.0,True
Calvin College,23.0,179200,13.0,0.1309792136238417,91100.0,False
Cameron University,14.0,47608,11.0,0.425681777135633,81500.0,False
Campbell University,8.0,175720,16.0,0.2693001147352893,82400.0,False
Campbellsville University,7.0,133600,24.0,0.1456084038517654,66800.0,False
Cardinal Stritch University,2.0,153752,20.0,0.3432170034111781,82500.0,False
Carleton College,45.0,275376,1.0,0.23869713174526,109900.0,True
Carnegie Mellon University,66.0,279532,1.0,0.2694843886549615,136100.0,True
Carroll College,25.0,181464,3.0,0.1027777777777777,91400.0,False
Carroll University,14.0,165608,16.0,0.1207196749854904,86500.0,False
Carson-Newman University,5.0,146840,23.0,0.0859441151566469,76500.0,False
Carthage College,17.0,222160,18.0,0.1363636363636363,85400.0,False
Case Western Reserve University,37.0,256928,1.0,0.2634852845603936,117800.0,True
Catawba College,11.0,164032,22.0,0.283076923076923,78100.0,False
Central Christian College of Kansas,2.0,139840,25.0,0.3167381974248927,66100.0,False
Central College,36.0,190300,9.0,0.0751240255138199,88800.0,False
Central Connecticut State University,15.0,91168,12.0,0.2772285453186009,93700.0,False
Central Michigan University,13.0,92144,23.0,0.1876185870010045,83600.0,False
Central Washington University,13.0,76748,14.0,0.2745147893889312,93200.0,False
Centre College,22.0,208720,4.0,0.1341023792357606,88500.0,False
Chadron State College,3.0,58304,16.0,0.1486976590834157,76700.0,False
Chaminade University of Honolulu,3.0,156016,4.0,0.6378809869375908,84000.0,False
Champlain College,14.0,225456,7.0,0.1417015341701534,88400.0,False
Charleston Southern University,9.0,142800,17.0,0.3457083457083457,76300.0,False
Charter Oak State College,2.0,40644,18.0,0.3322965266977709,85900.0,False
Christian Brothers University,14.0,160880,4.0,0.4499100179964007,96500.0,False
Christopher Newport University,25.0,104856,17.0,0.2045585136946945,87200.0,False
Claremont McKenna College,16.0,284440,9.0,0.3421450151057402,125400.0,True
Clark Atlanta University,15.0,131840,18.0,0.8527977044476327,81100.0,False
Clark College,9.0,8574,24.0,0.2320593896068188,78400.0,False
Clark University,14.0,219600,23.0,0.1557113643003213,101400.0,True
Clarke University,6.0,171800,20.0,0.0858333333333333,80200.0,False
Clarkson University,58.0,257408,8.0,0.1169635941130906,130100.0,True
Clemson University,39.0,103208,2.0,0.1303472571716155,106700.0,True
Cleveland State University,20.0,96740,21.0,0.274031648559282,88600.0,False
Coastal Carolina University,14.0,82904,13.0,0.2793704891740176,77600.0,False
Coe College,24.0,217920,13.0,0.1824512534818941,86900.0,False
Colby College,25.0,277600,4.0,0.2019491066594477,103300.0,True
Colby-Sawyer College,7.0,226648,9.0,0.1176040905770635,83700.0,False
Colgate University,26.0,279460,7.0,0.1980609418282548,130600.0,True
College of Charleston,20.0,99616,8.0,0.1673358938547486,85100.0,False
College of the Holy Cross,24.0,269160,12.0,0.2335844994617868,114600.0,True
Colorado Christian University,2.0,174848,17.0,0.250561603594263,80100.0,False
Colorado College,23.0,271928,5.0,0.2457668118045476,97900.0,False
Colorado Mesa University,7.0,80672,14.0,0.2379333040807371,81500.0,False
Colorado School of Mines,93.0,128532,1.0,0.1610197920161019,139600.0,True
Columbus State University,10.0,68320,25.0,0.45947265625,77900.0,False
Connecticut College,30.0,279880,8.0,0.1810526315789473,100800.0,True
Converse College,8.0,118480,21.0,0.142548596112311,71000.0,False
Corban University,1.0,173072,21.0,0.1466666666666666,77300.0,False
Cornell College,22.0,206732,6.0,0.2523020257826888,90600.0,False
Cornell University,43.0,280016,9.0,0.3239540569214447,128200.0,True
Covenant College,19.0,178360,24.0,0.0997442455242966,79400.0,False
Creighton University,9.0,203808,2.0,0.2263234579893152,95800.0,False
Cumberland University,3.0,128720,16.0,0.1600270087778528,81000.0,False
Dakota State University,53.0,64596,5.0,0.1398096488349196,84300.0,False
Dartmouth College,35.0,284836,1.0,0.3042235630358844,130900.0,True
Davidson College,28.0,263276,3.0,0.2344632768361582,106900.0,True
Delaware State University,10.0,80232,3.0,0.7655219467818968,81900.0,False
Delta State University,5.0,59872,8.0,0.3945766463752075,74200.0,False
Denison University,22.0,258680,5.0,0.2431957857769973,104800.0,True
DePaul University,15.0,216840,8.0,0.3419891592083701,102900.0,True
DePauw University,24.0,250896,5.0,0.1927765237020316,101000.0,True
Dickinson College,25.0,273436,21.0,0.1590524534686971,100100.0,True
Dickinson State University,8.0,54652,5.0,0.1291413116970926,81200.0,False
Dillard University,20.0,112796,17.0,0.9358333333333332,79800.0,False
Dordt College,17.0,161840,8.0,0.1048663468128855,89600.0,False
Drake University,7.0,207696,2.0,0.1210983800869221,99900.0,False
Drew University,16.0,214432,16.0,0.2915286322763843,95000.0,False
Drexel University,28.0,269432,9.0,0.2807769642247429,114800.0,True
Drury University,12.0,145844,19.0,0.129300118623962,79400.0,False
Duke University,26.0,283492,1.0,0.294904137235116,132100.0,True
East Carolina University,11.0,67176,11.0,0.2774890043982407,85400.0,False
East Tennessee State University,8.0,70996,22.0,0.1226271303865872,77300.0,False
Eastern Connecticut State University,14.0,99664,17.0,0.2152449404198978,87800.0,False
Eastern Kentucky University,5.0,73256,11.0,0.1145047531432076,80700.0,False
Eastern Michigan University,6.0,95252,18.0,0.2778893799383956,86700.0,False
Eastern Oregon University,5.0,74876,23.0,0.15630988228853,73900.0,False
Eastern Washington University,17.0,80464,20.0,0.253252062736936,87500.0,False
Eckerd College,25.0,228512,17.0,0.1776284205472875,88400.0,False
Edgewood College,5.0,162080,15.0,0.1302013422818791,87500.0,False
Elon University,7.0,190196,6.0,0.1534783279345981,93700.0,False
Emory University,20.0,263048,2.0,0.3386146658541539,110800.0,True
Emporia State University,9.0,62680,19.0,0.1611056591429506,78000.0,False
Fairfield University,17.0,252240,4.0,0.1321491313683388,116900.0,True
Fairmont State University,7.0,66072,14.0,0.1045848822800495,74100.0,False
Faulkner University,2.0,117760,21.0,0.5019490254872564,71300.0,False
Felician University,10.0,188780,11.0,0.5299539170506913,98200.0,False
Ferris State University,8.0,90096,17.0,0.1578082191780822,89300.0,False
Ferrum College,6.0,182700,25.0,0.4128187456926258,80600.0,False
Florida Atlantic University,15.0,71740,11.0,0.5039442849126976,91200.0,False
Florida Institute of Technology,48.0,218920,3.0,0.1889566713592992,105400.0,True
Florida International University,16.0,69760,13.0,0.801511791977424,90100.0,False
Florida State University,18.0,69328,8.0,0.2968515014796488,92700.0,False
Fordham University,10.0,282624,17.0,0.2924955682489659,112500.0,True
Fort Hays State University,6.0,53732,16.0,0.1354792043399638,79300.0,False
Fort Lewis College,19.0,75672,13.0,0.4128198364547613,82600.0,False
Francis Marion University,18.0,76432,13.0,0.4898580121703854,77600.0,False
Franklin Pierce University,3.0,200980,7.0,0.1024175824175824,85600.0,False
Freed-Hardeman University,9.0,120840,20.0,0.1660417782538832,78200.0,False
Friends University,14.0,145548,21.0,0.2513283740701381,76500.0,False
Frostburg State University,19.0,77496,21.0,0.3619131975199291,87000.0,False
George Fox University,8.0,189080,13.0,0.1793449550977284,89600.0,False
George Mason University,23.0,95688,8.0,0.3847430994100033,105700.0,True
Georgetown College,10.0,193720,9.0,0.1513470681458003,81900.0,False
Georgia Southern University,17.0,69968,8.0,0.3537554223326997,88000.0,False
Georgia State University,18.0,88944,7.0,0.5939304582872589,90800.0,False
Gettysburg College,24.0,269960,12.0,0.1291377196567225,109300.0,True
Glenville State College,3.0,29308,17.0,0.1531631520532741,67700.0,False
Goldey-Beacom College,25.0,122800,2.0,0.1630218687872763,86900.0,False
Gonzaga University,19.0,220616,4.0,0.1849836779107725,107600.0,True
Goucher College,11.0,235224,17.0,0.2254716981132075,90600.0,False
Grambling State University,10.0,58508,21.0,0.9347246891651864,73100.0,False
Granite State College,3.0,38580,13.0,0.0660932548664554,76900.0,False
Grinnell College,41.0,260808,4.0,0.2531718569780853,96500.0,False
Gustavus Adolphus College,22.0,221240,7.0,0.1273911273911274,96800.0,False
Hamline University,5.0,206624,14.0,0.159095994629671,90400.0,False
Hampden-Sydney College,20.0,237216,6.0,0.1746606334841628,108600.0,True
Hampton University,12.0,153920,13.0,0.92169360346005,92600.0,False
Hanover College,24.0,197000,18.0,0.1091703056768559,85100.0,False
Harding University,10.0,108716,4.0,0.1123947846179237,88600.0,False
Hastings College,14.0,159000,8.0,0.1377887788778878,87100.0,False
Haverford College,36.0,283976,10.0,0.2889447236180904,112300.0,True
Hawaii Pacific University,15.0,163120,2.0,0.5438476059721984,93500.0,False
Henderson State University,5.0,63760,10.0,0.3239591949269368,79800.0,False
Hendrix College,33.0,232296,2.0,0.1759941089837997,90300.0,False
High Point University,8.0,196992,12.0,0.1518526937940441,84300.0,False
Hofstra University,7.0,250832,18.0,0.3070391673514105,110400.0,True
Hood College,32.0,208768,25.0,0.2304439746300211,82600.0,False
Hope College,18.0,177280,14.0,0.1351664254703328,90900.0,False
Huntingdon College,14.0,148600,14.0,0.2698275862068965,78900.0,False
Husson University,1.0,112040,10.0,0.0960468521229868,77600.0,False
Idaho State University,12.0,58508,3.0,0.1442400774443369,91800.0,False
Illinois Institute of Technology,64.0,240232,1.0,0.1881488984553051,118500.0,True
Illinois State University,10.0,97464,16.0,0.1998059665292263,95000.0,False
Illinois Wesleyan University,18.0,234480,12.0,0.1827786582144743,96000.0,False
Indiana State University,8.0,78720,17.0,0.2420541606614579,85600.0,False
Iowa State University,31.0,70832,1.0,0.1180484971685784,101300.0,True
Jackson State University,16.0,71112,6.0,0.9158603281447202,74600.0,False
Jacksonville State University,7.0,74100,12.0,0.2607691419332486,80000.0,False
Jacksonville University,5.0,203000,12.0,0.2665850673194614,90400.0,False
James Madison University,12.0,88432,9.0,0.171373771277871,102600.0,True
Jefferson College of Health Sciences,1.0,131024,11.0,0.1458885941644562,97600.0,False
John Brown University,9.0,144608,5.0,0.1582456140350877,82700.0,False
John Carroll University,16.0,212856,11.0,0.1184924078091106,97300.0,False
Johns Hopkins University,31.0,280304,3.0,0.3082537900056148,117100.0,True
Kalamazoo College,31.0,233088,8.0,0.2546201232032854,94500.0,False
Kansas State University,18.0,79772,2.0,0.1445126382944359,97200.0,False
Kean University,10.0,107272,22.0,0.512431227801379,90000.0,False
Keene State College,8.0,100952,10.0,0.0752471252773855,83600.0,False
Kennesaw State University,22.0,75596,5.0,0.3377537528194758,94600.0,False
Kentucky State University,13.0,59120,18.0,0.578891820580475,73100.0,False
Kenyon College,17.0,273760,7.0,0.1883273164861612,103800.0,True
Kettering University,74.0,206920,1.0,0.1332371332371332,125000.0,True
Knox College,24.0,225696,15.0,0.3009292351679771,95400.0,False
La Salle University,5.0,182560,15.0,0.3521307273309836,104800.0,True
Lafayette College,47.0,274080,6.0,0.1685976827806632,122500.0,True
Lake Forest College,21.0,229816,9.0,0.3031980319803198,102600.0,True
Lake Superior State University,14.0,87888,24.0,0.1491483174075613,83500.0,False
Lamar University,16.0,76448,13.0,0.4298757972473984,101200.0,True
Lander University,9.0,83200,15.0,0.3577323286688195,77100.0,False
Langston University,8.0,61704,11.0,0.8207091055600322,81500.0,False
Lawrence Technological University,60.0,174080,4.0,0.3170610211706102,108400.0,True
Lawrence University,25.0,231264,5.0,0.1839841164791529,98800.0,False
Lehigh University,52.0,266120,2.0,0.188228683803905,134100.0,True
Lenoir-Rhyne University,7.0,195640,10.0,0.2053658536585365,86300.0,False
LeTourneau University,21.0,160720,18.0,0.2414698162729658,98900.0,False
Lewis & Clark College,12.0,253696,10.0,0.1940639269406392,93200.0,False
Lewis University,14.0,172112,25.0,0.3031843324861713,89800.0,False
Lewis-Clark State College,5.0,56792,7.0,0.116403345724907,77600.0,False
Limestone College,10.0,143060,16.0,0.5124455507156191,76500.0,False
Lindenwood University,9.0,106400,21.0,0.2324911529915233,78500.0,False
Lindsey Wilson College,2.0,136940,25.0,0.1294964028776978,64100.0,False
Lipscomb University,12.0,179184,9.0,0.1757629761639563,84800.0,False
Longwood University,9.0,100344,21.0,0.1770015698587127,83300.0,False
Loras College,14.0,169836,7.0,0.105799872530274,90100.0,False
Louisiana College,4.0,90472,17.0,0.2826433121019108,79800.0,False
Louisiana Tech University,24.0,64560,3.0,0.173184855233853,100700.0,True
Loyola Marymount University,9.0,252048,18.0,0.46988964792433,113300.0,True
Loyola University Chicago,15.0,234112,12.0,0.3100867815369136,96000.0,False
Loyola University Maryland,8.0,254060,5.0,0.2140103904809787,111200.0,True
Loyola University New Orleans,4.0,212288,9.0,0.3480369515011547,88600.0,False
Luther College,21.0,207000,14.0,0.0880503144654088,85900.0,False
Lyndon State College,8.0,90688,13.0,0.1048951048951049,75100.0,False
Macalester College,31.0,266000,6.0,0.2079112397491558,100400.0,True
Maharishi University of Management,65.0,95720,16.0,0.1286107290233837,85200.0,False
Maine Maritime Academy,48.0,95152,1.0,0.0245283018867924,121800.0,True
Manchester University,10.0,169352,20.0,0.1740591397849462,84700.0,False
Manhattan College,40.0,238720,12.0,0.2692695214105793,125700.0,True
Marietta College,45.0,189440,15.0,0.1073333333333333,94300.0,False
Marquette University,25.0,218360,2.0,0.1965942954448701,105900.0,True
Marshall University,12.0,74312,9.0,0.108437336521934,79700.0,False
Marymount University,15.0,178624,12.0,0.3975588491717524,93100.0,False
Maryville College,16.0,185216,24.0,0.1863149216817807,75300.0,False
Maryville University of Saint Louis,2.0,154232,18.0,0.1945708986680155,80100.0,False
Massachusetts Institute of Technology,69.0,269368,1.0,0.3266189592720205,155200.0,True
Massachusetts Maritime Academy,47.0,89596,8.0,0.0948563794255177,117500.0,True
Mayville State University,10.0,58024,4.0,0.1655874190564292,81300.0,False
McDaniel College,6.0,218760,12.0,0.1796631316281971,94600.0,False
McNeese State University,13.0,66252,11.0,0.240864392375865,88200.0,False
MCPHS University,2.0,196420,6.0,0.2915645277577505,121800.0,True
Medical University of South Carolina,6.0,107304,5.0,0.1963423050379572,92700.0,False
Mercer University,14.0,194040,11.0,0.4264499532273152,85100.0,False
Merrimack College,13.0,230420,22.0,0.1111777045250224,102500.0,True
Methodist University,9.0,186944,19.0,0.3189760260056887,80500.0,False
Metropolitan State University,11.0,31516,20.0,0.3966487133453022,85900.0,False
Michigan State University,20.0,99128,5.0,0.1732792875541622,100800.0,True
Michigan Technological University,81.0,105608,2.0,0.0691646710804338,116300.0,True
MidAmerica Nazarene University,1.0,157776,18.0,0.2042780748663101,78500.0,False
Middle Tennessee State University,9.0,74568,15.0,0.2927097540586915,81100.0,False
Middlebury College,19.0,279920,1.0,0.2321358073430714,109800.0,True
Midland University,7.0,165336,13.0,0.1607929515418502,78100.0,False
Miles College,19.0,74584,25.0,0.9809203142536476,65100.0,False
Milligan College,5.0,163200,25.0,0.1176975945017182,74900.0,False
Milwaukee School of Engineering,69.0,204552,1.0,0.1220640569395017,117600.0,True
Minot State University,7.0,54696,7.0,0.1598240469208211,74100.0,False
Mississippi College,20.0,113304,5.0,0.2987560192616372,79500.0,False
Mississippi State University,27.0,75400,1.0,0.2475419604727381,94100.0,False
Mississippi University for Women,2.0,57856,10.0,0.3961424332344214,69500.0,False
Mississippi Valley State University,11.0,58452,14.0,0.9324932493249324,61900.0,False
Missouri University of Science and Technology,80.0,81772,1.0,0.1137731481481481,122600.0,True
Missouri Western State University,14.0,25864,22.0,0.1607816249571477,77700.0,False
Monmouth University,13.0,208476,18.0,0.2021892103205629,93200.0,False
Montana Tech of the University of Montana,61.0,68268,1.0,0.0541966426858513,112600.0,True
Montclair State University,9.0,113416,14.0,0.4043552092698032,95400.0,False
Morehead State University,9.0,76520,16.0,0.0711183496199782,74900.0,False
Morehouse College,26.0,164048,4.0,0.9516358463726884,98700.0,False
Morningside College,6.0,164560,19.0,0.0616365568544102,82100.0,False
Mount Marty College,5.0,141048,8.0,0.1173139158576051,76500.0,False
Mount Mercy University,4.0,165328,22.0,0.0885357548240635,79000.0,False
Muhlenberg College,20.0,257440,17.0,0.1364754098360655,101900.0,True
Murray State University,9.0,73096,12.0,0.1133220308735611,79900.0,False
Nebraska Wesleyan University,8.0,175296,12.0,0.1094575132021123,80500.0,False
New England College,24.0,208544,6.0,0.2659441433930804,86400.0,False
New England Institute of Technology,14.0,172020,7.0,0.176933607118412,93200.0,False
New Jersey City University,9.0,99156,24.0,0.6175024582104228,87600.0,False
New Jersey Institute of Technology,75.0,123752,3.0,0.4532218673680255,121300.0,True
New Mexico Highlands University,4.0,56088,6.0,0.6703327693175409,73800.0,False
New Mexico Institute of Mining and Technology,91.0,65120,1.0,0.3582510578279266,120400.0,True
New York University,18.0,279936,13.0,0.3113609611559849,117700.0,True
Newberry College,14.0,148360,19.0,0.3430924062214089,74700.0,False
Newman University,11.0,156200,6.0,0.2243016002169785,88500.0,False
Nicholls State University,5.0,71680,14.0,0.2870311506675143,84300.0,False
North Carolina Wesleyan College,8.0,167200,21.0,0.530982905982906,78800.0,False
North Central College,9.0,199596,19.0,0.1787709497206704,92900.0,False
Northeastern State University,7.0,57152,16.0,0.4531889290012034,77600.0,False
Northeastern University,40.0,273068,16.0,0.2067885645014648,109700.0,True
Northern Arizona University,12.0,87384,4.0,0.3234434217650244,90000.0,False
Northern Illinois University,20.0,92568,14.0,0.3377322788802096,95500.0,False
Northern Kentucky University,12.0,80216,6.0,0.1235917826375082,87400.0,False
Northern State University,7.0,66108,7.0,0.0770320022656471,77700.0,False
Northwest Missouri State University,26.0,79284,13.0,0.1175595238095238,85100.0,False
Northwest Nazarene University,7.0,146800,6.0,0.1360604713205869,80600.0,False
Northwestern Oklahoma State University,11.0,47264,18.0,0.2119113573407202,76800.0,False
Northwestern University,20.0,284772,2.0,0.2932634313816461,115400.0,True
Norwich University,20.0,215424,3.0,0.1917211328976034,99100.0,False
Notre Dame of Maryland University,3.0,195000,23.0,0.3473227206946454,86400.0,False
Nova Southeastern University,9.0,176600,14.0,0.5589696869305947,89800.0,False
Oakland University,19.0,90824,9.0,0.180759296262001,93300.0,False
Oakwood University,16.0,104128,15.0,0.8746776689014956,78800.0,False
Oberlin College,21.0,285568,13.0,0.2236400268636668,96800.0,False
Oglethorpe University,12.0,205200,6.0,0.356489945155393,91400.0,False
Ohio Northern University,22.0,175640,6.0,0.0868741542625169,103900.0,True
Ohio Wesleyan University,21.0,232760,9.0,0.1776239907727797,99200.0,False
Oklahoma Baptist University,8.0,142432,19.0,0.2278928751894896,76600.0,False
Oklahoma Christian University,41.0,123800,7.0,0.3454545454545454,87900.0,False
Oklahoma City University,9.0,159688,7.0,0.2395387149917627,87900.0,False
Oklahoma Panhandle State University,10.0,51556,20.0,0.3389830508474576,74400.0,False
Oklahoma Wesleyan University,1.0,142400,15.0,0.2557620817843866,78700.0,False
Old Dominion University,19.0,89968,14.0,0.4034574041392588,89900.0,False
Oral Roberts University,8.0,148712,9.0,0.3404194197069807,85100.0,False
Oregon Health & Science University,10.0,76704,1.0,0.2111149947570779,108300.0,True
Oregon Institute of Technology,27.0,76180,2.0,0.2199530516431924,106800.0,True
Oregon State University,34.0,96084,5.0,0.2187911098802188,104800.0,True
Ouachita Baptist University,18.0,138680,8.0,0.1412391738840772,80200.0,False
Pacific Lutheran University,20.0,211424,10.0,0.2612584824182603,98100.0,False
Pacific University,8.0,227304,8.0,0.3296703296703296,94000.0,False
Park University,7.0,83400,14.0,0.3755559673832468,85000.0,False
Peru State College,6.0,61848,17.0,0.1732693077230892,74800.0,False
Pfeiffer University,4.0,165840,23.0,0.3183856502242152,78000.0,False
Pittsburg State University,8.0,60304,8.0,0.1454739938494451,84900.0,False
Plymouth State University,6.0,100796,12.0,0.0817713697219361,82200.0,False
Pomona College,37.0,277984,13.0,0.4133333333333333,117200.0,True
Portland State University,16.0,78132,12.0,0.2681975736568457,90500.0,False
Prairie View A&M University,22.0,77832,17.0,0.9075809704591292,99400.0,False
Presbyterian College,14.0,196560,6.0,0.2054794520547945,89900.0,False
Princeton University,48.0,262480,2.0,0.3245548961424332,139400.0,True
Providence College,11.0,260360,3.0,0.14383410544893,106900.0,True
Queens University of Charlotte,9.0,182176,9.0,0.2651245551601423,86600.0,False
Quinnipiac University,10.0,250000,10.0,0.1786386275594908,97700.0,False
Radford University,10.0,82464,22.0,0.2270871606450296,82900.0,False
Ramapo College of New Jersey,12.0,107296,15.0,0.2622022322172247,95200.0,False
Reed College,26.0,282200,3.0,0.266857962697274,104900.0,True
Regis University,13.0,193480,8.0,0.2881190269331016,94800.0,False
Rensselaer Polytechnic Institute,78.0,276560,6.0,0.24067300658376,134100.0,True
Rhode Island College,5.0,83032,9.0,0.2577248003703275,83500.0,False
Rhodes College,25.0,237172,2.0,0.1957156767283349,97800.0,False
Rice University,45.0,245400,1.0,0.3656547349342999,129500.0,True
Rider University,5.0,224040,8.0,0.2693615413675859,99000.0,False
Roanoke College,18.0,230880,20.0,0.1512195121951219,85100.0,False
Rockhurst University,11.0,191160,7.0,0.1555629580279813,92500.0,False
Roger Williams University,12.0,201648,8.0,0.1046273546273546,92700.0,False
Rogers State University,11.0,61944,22.0,0.3838709677419354,73800.0,False
Rollins College,7.0,257980,18.0,0.2747115684440286,87000.0,False
Rose-Hulman Institute of Technology,96.0,258548,1.0,0.126465661641541,135800.0,True
Rowan University,21.0,104996,20.0,0.2586276898091758,91200.0,False
Rush University,6.0,99600,5.0,0.2971102971102971,107600.0,True
Sacred Heart University,15.0,226920,9.0,0.1472818403804138,100500.0,True
Saginaw Valley State University,12.0,81976,25.0,0.1583070505646556,82200.0,False
Saint Anselm College,11.0,222800,2.0,0.073170731707317,100300.0,True
Saint Joseph's College of Maine,2.0,197320,7.0,0.0722809410160245,84300.0,False
Saint Louis University,13.0,224696,4.0,0.2041402768003753,95300.0,False
Saint Martin's University,29.0,195204,15.0,0.2998334258745141,91800.0,False
Saint Mary's College of California,5.0,250600,21.0,0.4382295719844358,110800.0,True
Saint Michael's College,18.0,230380,4.0,0.0920550038197097,98500.0,False
Saint Peter's University,14.0,211600,12.0,0.6356753482737735,95900.0,False
Saint Xavier University,10.0,180880,20.0,0.4382519027743677,91200.0,False
Salisbury University,12.0,87096,19.0,0.2282782212086659,89800.0,False
Salve Regina University,6.0,220200,6.0,0.1186564439576487,93900.0,False
Samford University,3.0,168800,5.0,0.1496047030204743,90500.0,False
San Jose State University,28.0,96952,17.0,0.6316143429217742,114700.0,True
Santa Clara University,29.0,266484,6.0,0.380255130338325,134700.0,True
Savannah College of Art and Design,3.0,204720,21.0,0.2418260333127699,80100.0,False
Seattle Pacific University,9.0,218940,6.0,0.2935736305430401,103400.0,True
Seattle University,12.0,227592,1.0,0.3271002337412347,113700.0,True
Seton Hall University,8.0,233080,5.0,0.3509920016619923,103800.0,True
Shenandoah University,7.0,171600,18.0,0.2510154346060114,86600.0,False
Shepherd University,12.0,72192,4.0,0.1410541945063103,87100.0,False
Shorter University,6.0,127080,22.0,0.2937420178799489,79900.0,False
Sierra Nevada College,2.0,190392,1.0,0.1318575553416746,95500.0,False
Smith College,26.0,279696,24.0,0.3037805286048846,98200.0,False
South Carolina State University,16.0,83800,10.0,0.9528670069048334,80800.0,False
South Dakota School of Mines and Technology,92.0,72876,1.0,0.1268763402430307,118500.0,True
South Dakota State University,18.0,66640,2.0,0.0801243721597703,91900.0,False
Southeast Missouri State University,9.0,65412,20.0,0.115909655001241,79100.0,False
Southeastern Louisiana University,8.0,66340,15.0,0.2743839304203769,83900.0,False
Southeastern Oklahoma State University,15.0,54880,14.0,0.4192882929345023,80500.0,False
Southern Adventist University,9.0,115560,10.0,0.4248818897637795,84000.0,False
Southern Connecticut State University,6.0,94940,20.0,0.2933025404157043,83600.0,False
Southern Methodist University,22.0,285352,5.0,0.2527501774308019,110400.0,True
Southern Nazarene University,5.0,134736,13.0,0.3007985803016859,81000.0,False
Southern New Hampshire University,8.0,177024,11.0,0.0916023478301058,83400.0,False
Southern Oregon University,6.0,91412,16.0,0.1827342962714142,81200.0,False
Southern University at New Orleans,13.0,73644,22.0,0.854493580599144,71000.0,False
Southern Wesleyan University,5.0,138024,20.0,0.326771653543307,74600.0,False
Southwestern Oklahoma State University,5.0,51460,6.0,0.2673207849419303,90800.0,False
Spelman College,24.0,172716,10.0,0.9016393442622952,85400.0,False
Spring Hill College,12.0,211704,6.0,0.2609011627906977,89100.0,False
St. Mary's University,17.0,163680,22.0,0.6298491379310345,95300.0,False
Stanford University,51.0,268468,4.0,0.3703354359488298,145200.0,True
Stetson University,7.0,236328,21.0,0.2627507855934252,86000.0,False
Stevens Institute of Technology,79.0,269784,1.0,0.1400816326530612,139900.0,True
Stevenson University,15.0,197248,15.0,0.3981952799629801,91600.0,False
Stockton University,16.0,104084,25.0,0.2427071178529755,85800.0,False
Stonehill College,18.0,234984,19.0,0.1295971978984238,103200.0,True
Swarthmore College,45.0,272248,4.0,0.4351491569390402,123200.0,True
Taylor University,16.0,174912,10.0,0.097390493942218,90600.0,False
Tennessee State University,14.0,63256,19.0,0.6915918909936856,78400.0,False
Tennessee Technological University,28.0,75356,6.0,0.0957756415909692,95100.0,False
Texas Christian University,9.0,239016,19.0,0.1974484202132961,98700.0,False
Texas Tech University,22.0,82300,7.0,0.3168837817850845,106500.0,True
Texas Tech University Health Sciences Center,3.0,31644,8.0,0.3887649563982965,104900.0,True
Thomas More College,8.0,156280,2.0,0.1081570996978852,90900.0,False
Towson University,15.0,91896,16.0,0.2949517612743998,91200.0,False
Trevecca Nazarene University,5.0,135992,14.0,0.2129700690713737,81700.0,False
Trine University,26.0,171940,6.0,0.1314023313316849,100300.0,True
Trinity University,27.0,225760,11.0,0.3334703947368421,102900.0,True
Troy University,8.0,82580,11.0,0.4355863662622761,81500.0,False
Truman State University,16.0,66036,12.0,0.1083546734955185,85800.0,False
Tufts University,25.0,283768,7.0,0.2512148161730998,118100.0,True
Tuskegee University,30.0,127280,4.0,0.7750563970351273,93500.0,False
University of Alabama at Birmingham,17.0,68440,8.0,0.3205155631618355,87200.0,False
University of Arizona,23.0,100148,2.0,0.3650677147457145,101000.0,True
University of Arkansas at Little Rock,13.0,71584,7.0,0.3834263632460283,80800.0,False
University of Arkansas at Monticello,2.0,58080,12.0,0.336792942397509,78300.0,False
University of Arkansas at Pine Bluff,22.0,62892,17.0,0.9371269399124552,70500.0,False
University of Arkansas for Medical Sciences,3.0,32788,3.0,0.1958477508650519,89100.0,False
University of Baltimore,2.0,35832,20.0,0.5256929305512301,89600.0,False
University of Bridgeport,31.0,186840,13.0,0.424773646696205,93600.0,False
University of Central Arkansas,8.0,62420,10.0,0.2620960848008206,79800.0,False
University of Central Florida,16.0,63940,16.0,0.4104365856468149,88600.0,False
University of Central Missouri,45.0,65756,16.0,0.1221316989311607,83300.0,False
University of Central Oklahoma,8.0,61832,10.0,0.3112826603325416,82900.0,False
University of Charleston,4.0,160320,8.0,0.1714827096162955,81900.0,False
University of Chicago,22.0,298320,4.0,0.2558124130621977,114200.0,True
University of Connecticut,24.0,114416,6.0,0.2356731095286537,105200.0,True
University of Dallas,16.0,212208,21.0,0.3328100470957614,96400.0,False
University of Dayton,33.0,225920,4.0,0.0900114608128361,105000.0,True
University of Delaware,22.0,106168,1.0,0.1906966490299823,105400.0,True
University of Denver,12.0,254244,4.0,0.1873994411042425,105100.0,True
University of Detroit Mercy,13.0,149984,10.0,0.2070778564206269,92800.0,False
University of Dubuque,7.0,176160,21.0,0.2281942479962282,79700.0,False
University of Evansville,17.0,195504,11.0,0.0911569925983638,89900.0,False
University of Florida,29.0,66004,4.0,0.3288380274570857,102800.0,True
University of Georgia,14.0,87472,3.0,0.2394238145296474,100700.0,True
University of Hartford,15.0,212680,7.0,0.2751943670236174,101600.0,True
University of Hawaii at Hilo,14.0,76504,5.0,0.7260448521916412,77200.0,False
University of Houston,24.0,91104,9.0,0.6024099330302586,103900.0,True
University of Houston-Clear Lake,29.0,34000,23.0,0.4574725908828621,94800.0,False
University of Idaho,22.0,66976,1.0,0.1486070757135532,97700.0,False
University of Illinois at Chicago,31.0,103352,7.0,0.4851085129965318,103800.0,True
University of Illinois at Urbana-Champaign,36.0,105608,3.0,0.284138236597253,115300.0,True
University of Indianapolis,5.0,159904,21.0,0.1607864755604557,84500.0,False
University of Iowa,16.0,81756,3.0,0.1449783116449783,99400.0,False
University of Kansas,16.0,85992,1.0,0.1849889624724061,98600.0,False
University of Kentucky,19.0,100908,1.0,0.1601890216758552,96400.0,False
University of Louisiana at Lafayette,19.0,76528,5.0,0.2715324222157604,92500.0,False
University of Louisiana at Monroe,7.0,66336,5.0,0.2956440061054362,92500.0,False
University of Louisville,18.0,83528,5.0,0.2152497565048003,87600.0,False
University of Maine,24.0,86352,5.0,0.0879851143009037,95000.0,False
University of Maine at Augusta,7.0,31952,12.0,0.0696826758147512,73100.0,False
University of Maine at Farmington,5.0,77568,13.0,0.0663265306122449,71700.0,False
University of Maine at Fort Kent,5.0,65340,11.0,0.0723436322532027,76300.0,False
University of Maine at Presque Isle,6.0,65764,14.0,0.0746924428822495,70700.0,False
University of Mary,3.0,102440,6.0,0.1032395870416518,79100.0,False
University of Memphis,12.0,78704,8.0,0.4381024740016145,85800.0,False
University of Miami,22.0,257336,6.0,0.3658990044380472,99600.0,False
University of Mississippi,12.0,77424,2.0,0.2121939296982624,89100.0,False
University of Mobile,7.0,129680,19.0,0.295625,74100.0,False
University of Montevallo,7.0,88360,22.0,0.2058631921824104,70700.0,False
University of Mount Union,19.0,165840,22.0,0.1180371352785145,88500.0,False
University of Nebraska Medical Center,6.0,46232,3.0,0.1114718614718614,93000.0,False
University of New England,7.0,206440,6.0,0.1412350287758594,91500.0,False
University of New Haven,25.0,220680,11.0,0.2165614447217736,94800.0,False
University of New Orleans,23.0,78516,7.0,0.3461121940654104,91600.0,False
University of North Alabama,6.0,78280,18.0,0.2021634263996491,75600.0,False
University of North Carolina at Chapel Hill,19.0,80708,5.0,0.2793204050111549,100800.0,True
University of North Carolina at Charlotte,25.0,72576,8.0,0.3201409795139144,92600.0,False
University of North Dakota,16.0,70676,2.0,0.1102240708439554,96000.0,False
University of North Florida,11.0,65480,19.0,0.2827202202202202,86600.0,False
University of North Georgia,8.0,60848,9.0,0.1883092629482071,85600.0,False
University of Northern Colorado,7.0,83960,12.0,0.2351867219917012,87100.0,False
University of Northern Iowa,8.0,71544,15.0,0.0893695506371562,85300.0,False
University of Notre Dame,28.0,275204,2.0,0.2101978815994745,130500.0,True
University of Oregon,13.0,99444,7.0,0.2238130810092961,95800.0,False
University of Pennsylvania,21.0,284800,3.0,0.314641618963154,133900.0,True
University of Pikeville,11.0,115000,21.0,0.1017087062652563,70700.0,False
University of Portland,28.0,237416,3.0,0.3041274438812454,104900.0,True
University of Puget Sound,21.0,249264,8.0,0.2342533616418966,101300.0,True
University of Rhode Island,18.0,108352,5.0,0.185203065596524,99700.0,False
University of Richmond,13.0,259440,7.0,0.2319464371114299,107500.0,True
University of Rochester,32.0,279456,16.0,0.2000904159132007,112700.0,True
University of Saint Joseph,9.0,202404,14.0,0.2448343079922027,88800.0,False
University of San Diego,12.0,249352,25.0,0.3493831596598395,109400.0,True
University of San Francisco,6.0,251584,23.0,0.467209280568809,109900.0,True
University of Scranton,12.0,238856,23.0,0.1461799964215423,99700.0,False
University of Sioux Falls,6.0,102520,6.0,0.0880902043692741,78200.0,False
University of South Alabama,17.0,69960,9.0,0.2963619107877254,86400.0,False
University of South Dakota,8.0,69108,4.0,0.1054567140443295,87900.0,False
University of Southern California,23.0,286480,11.0,0.3951899747956564,120600.0,True
University of Southern Maine,8.0,75880,9.0,0.0933792121499762,81300.0,False
University of Southern Mississippi,11.0,74364,4.0,0.3407247160627366,83900.0,False
University of the Cumberlands,8.0,128000,17.0,0.0826359832635983,73800.0,False
University of Toledo,21.0,84916,18.0,0.214098710365558,92500.0,False
University of Tulsa,36.0,210500,1.0,0.1734301580521144,107200.0,True
University of Utah,22.0,77936,2.0,0.1902268760907504,102600.0,True
University of Vermont,22.0,122952,2.0,0.1130989421281891,99400.0,False
University of West Alabama,4.0,72624,17.0,0.4745550263223865,76100.0,False
University of West Georgia,9.0,72840,15.0,0.4344584630509585,82700.0,False
University of Wisconsin-Parkside,17.0,62220,24.0,0.2777900066035659,81400.0,False
University of Wisconsin-Stout,14.0,65524,11.0,0.0936768149882904,89500.0,False
University of Wyoming,25.0,62880,1.0,0.113182527301092,98800.0,False
Valdosta State University,7.0,62344,19.0,0.4203061489232898,81000.0,False
Valley City State University,3.0,56288,8.0,0.1153846153846153,68600.0,False
Valparaiso University,31.0,208480,8.0,0.1788329265586865,98000.0,False
Vanderbilt University,23.0,264200,1.0,0.2531136686110673,119100.0,True
Vermont Technical College,4.0,102824,5.0,0.0719844357976653,93900.0,False
Villanova University,23.0,269312,7.0,0.2026082906380996,119500.0,True
Virginia Commonwealth University,18.0,99672,16.0,0.3835580912863071,88200.0,False
Virginia Military Institute,47.0,113160,2.0,0.1705882352941176,120600.0,True
Virginia State University,14.0,81056,24.0,0.8798009950248756,81800.0,False
Viterbo University,3.0,148120,22.0,0.072039942938659,81900.0,False
Wake Forest University,13.0,277416,2.0,0.2103235747303544,114800.0,True
Walla Walla University,22.0,129240,11.0,0.2363540010598834,97800.0,False
Walsh College of Accountancy and Business Administration,5.0,70500,20.0,0.1874318924809299,85200.0,False
Wartburg College,34.0,205104,12.0,0.1083684527393136,88000.0,False
Washburn University,4.0,68428,12.0,0.1685510264802142,83000.0,False
Washington State University,20.0,91916,5.0,0.2650073206442166,103700.0,True
Wayne State College,11.0,58628,18.0,0.1224783861671469,73400.0,False
Wayne State University,21.0,95096,12.0,0.3164478932482413,91700.0,False
Weber State University,8.0,48440,3.0,0.1419819680974031,94000.0,False
Webster University,2.0,155800,15.0,0.4901305981274971,83500.0,False
Wellesley College,34.0,280800,18.0,0.4347826086956521,106200.0,True
Wentworth Institute of Technology,39.0,192560,15.0,0.1994295743747257,112700.0,True
West Liberty University,6.0,68544,10.0,0.0738678544914625,77000.0,False
West Virginia State University,8.0,80236,12.0,0.1092233009708737,76000.0,False
West Virginia University,22.0,79096,2.0,0.1249700085689802,99900.0,False
West Virginia University at Parkersburg,3.0,12660,18.0,0.0509212730318257,65200.0,False
West Virginia University Institute of Technology,40.0,75416,1.0,0.1522601110229976,103700.0,True
West Virginia Wesleyan College,21.0,161984,5.0,0.1343481138318994,85200.0,False
Western Carolina University,8.0,55608,25.0,0.1654787131573878,77700.0,False
Western Connecticut State University,6.0,95564,15.0,0.3121639784946236,88100.0,False
Western Governors University,9.0,26680,6.0,0.2462081250756645,91500.0,False
Western Kentucky University,10.0,75780,8.0,0.1572058896435476,83100.0,False
Western Michigan University,16.0,90504,11.0,0.2077862340051852,92200.0,False
Western New England University,21.0,201576,20.0,0.1805201427842937,103000.0,True
Western New Mexico University,4.0,63840,5.0,0.4933933089682316,76700.0,False
Western Oregon University,5.0,79820,20.0,0.189122168953546,79300.0,False
Western State Colorado University,19.0,78996,14.0,0.1625386996904024,81500.0,False
Western Washington University,16.0,78392,9.0,0.2355245683930943,99300.0,False
Wheeling Jesuit University,5.0,156760,7.0,0.0958730158730158,83400.0,False
Whitman College,33.0,259752,7.0,0.2009345794392523,102600.0,True
Whitworth University,18.0,220544,17.0,0.1921627731725697,88800.0,False
Wichita State University,24.0,78092,7.0,0.2417472490830276,87300.0,False
Widener University,13.0,241576,21.0,0.2593648208469055,100100.0,True
Willamette University,14.0,250056,6.0,0.2705035971223021,97700.0,False
William Carey University,6.0,77640,9.0,0.3279979674796748,71800.0,False
William Jewell College,12.0,177320,6.0,0.1613207547169811,94500.0,False
William Paterson University of New Jersey,7.0,98020,21.0,0.4718501086169442,90200.0,False
William Penn University,7.0,130208,23.0,0.2758235622557231,78300.0,False
Williams College,32.0,279800,5.0,0.3584195672624647,127500.0,True
Winona State University,10.0,73740,16.0,0.0872869645324735,86800.0,False
Winthrop University,9.0,99608,11.0,0.3510956175298805,79700.0,False
Wisconsin Lutheran College,10.0,159660,20.0,0.1407972858354537,82500.0,False
Wittenberg University,22.0,199424,3.0,0.1588594704684317,105400.0,True
Wofford College,28.0,226120,4.0,0.1718938480096501,96600.0,False
Worcester Polytechnic Institute,86.0,261216,3.0,0.1553048111581257,135500.0,True
Xavier University of Louisiana,35.0,134140,11.0,0.8840725806451613,88200.0,False
Yale University,22.0,277720,1.0,0.3077172503242542,138300.0,True
Yeshiva University,11.0,223000,15.0,0.1074354127284184,112800.0,True
